composition_length_K,random_search_best_score,greedy_best_score,epsilon_greedy_best_score,ga_best_score,daaga_best_score,mwoa_best_score,cssa_best_score,sdfga_best_score,bpsc_ga_best_score,pk_idpso_best_score
2,0.7595532926829269,0.7455245853658538,0.7564863414634148,0.7576116097560978,0.7482719756097562,0.7594749756097562,0.7591664146341465,0.6986329024390244,0.7577113170731707,0.7595327073170733
3,0.8129409574468086,0.793122255319149,0.8119498510638299,0.8207785319148936,0.7920089787234045,0.8206427234042551,0.820146021276596,0.7289897659574466,0.8172684042553192,0.8191563404255323
4,0.7435769565217393,0.7354943260869568,0.7531055000000001,0.7654842173913043,0.7191937391304348,0.7572248695652177,0.7652482391304348,0.6912038478260871,0.7592514782608696,0.7643055217391305
5,0.7200420612244897,0.7270167142857141,0.7464997755102043,0.7604802448979594,0.7087872040816328,0.7399811836734695,0.7598679795918368,0.6822941224489796,0.7561513469387753,0.7623774693877551
6,0.6858947608695651,0.6973417608695651,0.7163778695652175,0.7296592173913045,0.6740182173913043,0.707854152173913,0.7245819347826086,0.6680133478260871,0.7287155,0.7285643695652174
7,0.6438025142857142,0.6686057142857142,0.6856476285714289,0.7085229142857141,0.6451138857142856,0.6765778857142859,0.6952960285714287,0.6434177999999999,0.7014691999999999,0.7045728285714284
8,0.6557793333333332,0.6914595555555555,0.7076636666666665,0.7177883518518519,0.6672694074074075,0.686972814814815,0.710544796296296,0.6612989444444444,0.7192974259259259,0.7148130555555556
9,0.5852829795918366,0.620560387755102,0.6359949183673469,0.6528632040816328,0.5853952244897958,0.6107678775510204,0.6438153877551018,0.6077575510204083,0.6569607755102042,0.6461628163265306
10,0.5846243770491801,0.6134864426229508,0.6231209508196724,0.6364215081967213,0.5923459344262296,0.6033836229508199,0.627376262295082,0.6020812786885245,0.6400254262295084,0.6297153278688525
11,0.6096656800000001,0.6460461799999999,0.65773692,0.6814163400000001,0.61762996,0.6301997599999999,0.66131986,0.62343942,0.6792896400000004,0.6646442400000001
12,0.5968247346938776,0.6233743877551019,0.6337998163265306,0.6450023877551021,0.601520693877551,0.6120742857142857,0.6356155510204081,0.601240775510204,0.6471587551020409,0.634686775510204
13,0.5621446666666667,0.587220596491228,0.6001106315789473,0.6200177894736844,0.5737669824561401,0.5767075087719299,0.6010828947368421,0.5803423157894738,0.6202281754385965,0.6026718245614036
14,0.6136482249999999,0.6490046750000001,0.66003075,0.673331575,0.6306114,0.6307521000000001,0.6563754500000002,0.6282176500000001,0.678815775,0.6569745999999999
15,0.4979999199999999,0.5189868200000001,0.52776908,0.5410967400000001,0.50587878,0.5078952800000002,0.52746258,0.5243081200000002,0.5425062800000001,0.52843268
16,0.5655370377358491,0.587156924528302,0.5978372075471697,0.6086311509433961,0.5790525283018869,0.5763553018867924,0.591871150943396,0.5785558490566038,0.6125385283018866,0.5941814905660378
17,0.5076334893617022,0.525731319148936,0.5388039787234045,0.5520132978723403,0.5147306170212766,0.5178191489361703,0.535272340425532,0.5294513191489362,0.5557504468085107,0.5368126170212767
18,0.5573971489361702,0.5759242127659575,0.5868957021276595,0.5989179574468084,0.5620926382978724,0.5694285531914894,0.5841273617021276,0.5708235957446809,0.6029598723404255,0.5858957021276596
19,0.5055233541666667,0.5230202291666666,0.5350673125000001,0.5502119375000002,0.5137842708333334,0.5163762083333333,0.5318049166666668,0.5280511250000001,0.5554114791666666,0.5329227083333331
20,0.5733348,0.5849509999999998,0.596159733333333,0.6101378666666669,0.5749750666666665,0.5826291111111109,0.5948336222222222,0.5793102666666665,0.6162752666666665,0.5953332444444444
21,0.4908250000000001,0.5001639782608696,0.5084803695652172,0.5236533695652174,0.4972244782608695,0.4983170652173915,0.5071978913043478,0.5099311304347826,0.5276199782608696,0.5086858478260871
22,0.5492327999999999,0.5569214444444444,0.5694695333333335,0.5810862888888888,0.5560983999999999,0.5566754666666667,0.5670996222222221,0.5585938444444445,0.5866536222222222,0.567320288888889
23,0.4985524634146342,0.5044488292682927,0.5216044146341465,0.535263024390244,0.5034974390243901,0.5074026585365855,0.5203469024390245,0.5145491463414634,0.5429770243902439,0.5195641219512195
24,0.5293805576923077,0.5326505384615383,0.5413464615384616,0.5515293461538462,0.5323161923076924,0.5345075961538461,0.5412035961538463,0.535517923076923,0.5552609230769232,0.5412480384615386
25,0.4606690769230769,0.4635525384615385,0.4754626923076923,0.483287423076923,0.46821603846153825,0.4665408653846153,0.4735379999999999,0.4795395576923075,0.4895239423076922,0.47441951923076925
